scientificName,class,order,family,genus,specificEpithet,infraspecificEpithet,vernacularName,dynamicProperties,iucnRegionalStatus
Accipiter bicolor,Aves,Accipitriformes,Accipitridae,Accipiter,bicolor,,gavilán bicolor,LC,
Accipiter striatus,Aves,Accipitriformes,Accipitridae,Accipiter,striatus,,gavilán chico,LC,
Actitis macularius,Aves,Charadriiformes,Scolopacidae,Actitis,macularius,,playerito manchado,LC,
Aegolius harrisii,Aves,Strigiformes,Strigidae,Aegolius,harrisii,,lechucita canela,LC,EN
Agelaioides badius,Aves,Passeriformes,Icteridae,Agelaioides,badius,,músico,LC,
Agelasticus thilius,Aves,Passeriformes,Icteridae,Agelasticus,thilius,,alférez,LC,
Agriornis murinus,Aves,Passeriformes,Tyrannidae,Agriornis,murinus,,gaucho chico,LC,
Alectrurus risora,Aves,Passeriformes,Tyrannidae,Alectrurus,risora,,yetapá de collar,VU,CR
Alopochelidon fucata,Aves,Passeriformes,Hirundinidae,Alopochelidon,fucata,,golondrina cara rojiza,LC,
Amazonetta brasiliensis,Aves,Anseriformes,Anatidae,Amazonetta,brasiliensis,,pato brasilero,LC,
Amblyramphus holosericeus,Aves,Passeriformes,Icteridae,Amblyramphus,holosericeus,,federal,LC,
Ammodramus humeralis,Aves,Passeriformes,Emberizidae,Ammodramus,humeralis,,chingolo ceja amarilla,LC,
Anas bahamensis,Aves,Anseriformes,Anatidae,Anas,bahamensis,,pato gargantilla,LC,
Anas flavirostris,Aves,Anseriformes,Anatidae,Anas,flavirostris,,pato barcino,LC,
Anas georgica,Aves,Anseriformes,Anatidae,Anas,georgica,,pato maicero,LC,
Anas platyrhynchos,Aves,Anseriformes,Anatidae,Anas,platyrhynchos,,,LC,
Anhima cornuta,Aves,Anseriformes,Anhimidae,Anhima,cornuta,,aruco,LC,
Anhinga anhinga,Aves,Suliformes,Anhingidae,Anhinga,anhinga,,aninga,LC,
Anthracothorax nigricollis,Aves,Apodiformes,Trochilidae,Anthracothorax,nigricollis,,picaflor vientre negro,LC,
Anthus correndera,Aves,Passeriformes,Motacillidae,Anthus,correndera,,cachirla uña larga,LC,
Anthus furcatus,Aves,Passeriformes,Motacillidae,Anthus,furcatus,,cachirla común,LC,
Anthus hellmayri,Aves,Passeriformes,Motacillidae,Anthus,hellmayri,,cachirla pálida,LC,
Anthus lutescens,Aves,Passeriformes,Motacillidae,Anthus,lutescens,,cachirla chica,LC,
Anthus nattereri,Aves,Passeriformes,Motacillidae,Anthus,nattereri,,cachirla,VU,
Anumbius annumbi,Aves,Passeriformes,Furnariidae,Anumbius,annumbi,,espinero,LC,
Aptenodytes patagonicus,Aves,Sphenisciformes,Spheniscidae,Aptenodytes,patagonicus,,pingüino rey,LC,
Aramides cajaneus,Aves,Gruiformes,Rallidae,Aramides,cajaneus,,chiricote,LC,
Aramides ypecaha,Aves,Gruiformes,Rallidae,Aramides,ypecaha,,gallineta grande,LC,
Aramus guarauna,Aves,Gruiformes,Aramidae,Aramus,guarauna,,carao,LC,
Ardea alba,Aves,Pelecaniformes,Ardeidae,Ardea,alba,,garza blanca grande,LC,
Ardea cocoi,Aves,Pelecaniformes,Ardeidae,Ardea,cocoi,,garza mora,LC,
Ardenna gravis,Aves,Procellariiformes,Procellariidae,Ardenna,gravis,,pardela cabeza negra,LC,
Ardenna grisea,Aves,Procellariiformes,Procellariidae,Ardenna,grisea,,pardela oscura,NT,
Arenaria interpres,Aves,Charadriiformes,Scolopacidae,Arenaria,interpres,,vuelvepiedras,LC,
Asio flammeus,Aves,Strigiformes,Strigidae,Asio,flammeus,,lechuzón de campo,LC,
Asthenes baeri,Aves,Passeriformes,Furnariidae,Asthenes,baeri,,canastero común,LC,
Asthenes pyrrholeuca,Aves,Passeriformes,Furnariidae,Asthenes,pyrrholeuca,,canastero coludo,LC,
Athene cunicularia,Aves,Strigiformes,Strigidae,Athene,cunicularia,,lechucita de campo,LC,
Bartramia longicauda,Aves,Charadriiformes,Scolopacidae,Bartramia,longicauda,,batitú,LC,
Basileuterus culicivorus,Aves,Passeriformes,Parulidae,Basileuterus,culicivorus,,arañero chico,LC,
Botaurus pinnatus,Aves,Pelecaniformes,Ardeidae,Botaurus,pinnatus,,mirasol grande,LC,
Brotogeris chiriri,Aves,Psittaciformes,Psittacidae,Brotogeris,chiriri,,,LC,
Bubo virginianus,Aves,Strigiformes,Strigidae,Bubo,virginianus,,ñacurutú,LC,
Bubulcus ibis,Aves,Pelecaniformes,Ardeidae,Bubulcus,ibis,,garza bueyera,LC,
Busarellus nigricollis,Aves,Accipitriformes,Accipitridae,Busarellus,nigricollis,,águila pampa,LC,
Buteo albicaudatus,Aves,Accipitriformes,Accipitridae,Buteo,albicaudatus,,águila cola blanca,LC,
Buteo brachyurus,Aves,Accipitriformes,Accipitridae,Buteo,brachyurus,,,LC,
Buteo swainsoni,Aves,Accipitriformes,Accipitridae,Buteo,swainsoni,,aguilucho langostero,LC,
Buteogallus meridionalis,Aves,Accipitriformes,Accipitridae,Buteogallus,meridionalis,,águila colorada,LC,
Buteogallus urubitinga,Aves,Accipitriformes,Accipitridae,Buteogallus,urubitinga,,águila negra,LC,
Butorides striata,Aves,Pelecaniformes,Ardeidae,Butorides,striata,,garcita azulada,LC,
Cacicus chrysopterus,Aves,Passeriformes,Icteridae,Cacicus,chrysopterus,,boyero ala amarilla,LC,
Cacicus haemorrhous,Aves,Passeriformes,Icteridae,Cacicus,haemorrhous,,,LC,
Cacicus solitarius,Aves,Passeriformes,Icteridae,Cacicus,solitarius,,boyero negro,LC,
Cairina moschata,Aves,Anseriformes,Anatidae,Cairina,moschata,,pato criollo,LC,EN
Calidris alba,Aves,Charadriiformes,Scolopacidae,Calidris,alba,,playerito blanco,LC,
Calidris bairdii,Aves,Charadriiformes,Scolopacidae,Calidris,bairdii,,playerito unicolor,LC,
Calidris canutus,Aves,Charadriiformes,Scolopacidae,Calidris,canutus,,playero rojizo,NT,EN
Calidris fuscicollis,Aves,Charadriiformes,Scolopacidae,Calidris,fuscicollis,,playerito rabadilla blanca,LC,
Calidris himantopus,Aves,Charadriiformes,Scolopacidae,Calidris,himantopus,,playero zancudo,LC,
Calidris melanotos,Aves,Charadriiformes,Scolopacidae,Calidris,melanotos,,playerito pecho gris,LC,
Calidris pusilla,Aves,Charadriiformes,Scolopacidae,Calidris,pusilla,,playerito enano,NT,
Calidris subruficollis,Aves,Charadriiformes,Scolopacidae,Calidris,subruficollis,,playerito canela,NT,
Callonetta leucophrys,Aves,Anseriformes,Anatidae,Callonetta,leucophrys,,pato de collar,LC,
Calonectris diomedea,Aves,Procellariiformes,Procellariidae,Calonectris,diomedea,,pardela grande,LC,
Campephilus leucopogon,Aves,Piciformes,Picidae,Campephilus,leucopogon,,carpintero negro,LC,
Camptostoma obsoletum,Aves,Passeriformes,Tyrannidae,Camptostoma,obsoletum,,piojito silbón,LC,
Caracara plancus,Aves,Falconiformes,Falconidae,Caracara,plancus,,carancho,LC,
Cariama cristata,Aves,Cariamiformes,Cariamidae,Cariama,cristata,,seriema,LC,
Casiornis rufus,Aves,Passeriformes,Tyrannidae,Casiornis,rufus,,burlisto castaño,LC,
Cathartes aura,Aves,Accipitriformes,Cathartidae,Cathartes,aura,,cuervo cabeza roja,LC,
Cathartes burrovianus,Aves,Accipitriformes,Cathartidae,Cathartes,burrovianus,,cuervo cabeza amarilla,LC,
Certhiaxis cinnamomeus,Aves,Passeriformes,Furnariidae,Certhiaxis,cinnamomeus,,curutié colorado,LC,
Chaetura meridionalis,Aves,Apodiformes,Apodidae,Chaetura,meridionalis,,vencejo de tormenta,LC,
Charadrius collaris,Aves,Charadriiformes,Charadriidae,Charadrius,collaris,,chorlito de collar,LC,
Charadrius falklandicus,Aves,Charadriiformes,Charadriidae,Charadrius,falklandicus,,chorlito doble collar,LC,
Charadrius modestus,Aves,Charadriiformes,Charadriidae,Charadrius,modestus,,chorlito pecho canela,LC,
Charadrius semipalmatus,Aves,Charadriiformes,Charadriidae,Charadrius,semipalmatus,,chorlito palmado,LC,
Chauna torquata,Aves,Anseriformes,Anhimidae,Chauna,torquata,,chajá,LC,
Chionis albus,Aves,Charadriiformes,Chionidae,Chionis,albus,,paloma antártica,LC,
Chlidonias niger,Aves,Charadriiformes,Laridae,Chlidonias,niger,,gaviotín negro,LC,
Chloris chloris,Aves,Passeriformes,Fringillidae,Chloris,chloris,,verderón,LC,
Chloroceryle amazona,Aves,Coraciiformes,Alcedinidae,Chloroceryle,amazona,,martín pescador mediano,LC,
Chloroceryle americana,Aves,Coraciiformes,Alcedinidae,Chloroceryle,americana,,martín pescador chico,LC,
Chlorostilbon lucidus,Aves,Apodiformes,Trochilidae,Chlorostilbon,lucidus,,picaflor verde,LC,
Chordeiles minor,Aves,Caprimulgiformes,Caprimulgidae,Chordeiles,minor,,añapero,LC,
Chordeiles nacunda,Aves,Caprimulgiformes,Caprimulgidae,Chordeiles,nacunda,,ñacundá,LC,
Chroicocephalus cirrocephalus,Aves,Charadriiformes,Laridae,Chroicocephalus,cirrocephalus,,gaviota capucho gris,LC,
Chroicocephalus maculipennis,Aves,Charadriiformes,Laridae,Chroicocephalus,maculipennis,,gaviota capucho café,LC,
Chrysomus ruficapillus,Aves,Passeriformes,Icteridae,Chrysomus,ruficapillus,,garibaldino,LC,
Ciconia maguari,Aves,Ciconiiformes,Ciconiidae,Ciconia,maguari,,cigüeña común,LC,
Cinclodes fuscus,Aves,Passeriformes,Furnariidae,Cinclodes,fuscus,,remolinera,LC,
Circus buffoni,Aves,Accipitriformes,Accipitridae,Circus,buffoni,,gavilán alilargo,LC,
Circus cinereus,Aves,Accipitriformes,Accipitridae,Circus,cinereus,,gavilán ceniciento,LC,
Cistothorus platensis,Aves,Passeriformes,Troglodytidae,Cistothorus,platensis,,ratonera aperdizada,LC,
Cnemotriccus fuscatus,Aves,Passeriformes,Tyrannidae,Cnemotriccus,fuscatus,,,LC,
Coccycua cinerea,Aves,Cuculiformes,Cuculidae,Coccycua,cinerea,,cuclillo gris,LC,
Coccyzus americanus,Aves,Cuculiformes,Cuculidae,Coccyzus,americanus,,cuclillo pico amarillo,LC,
Coccyzus melacoryphus,Aves,Cuculiformes,Cuculidae,Coccyzus,melacoryphus,,cuclillo común,LC,
Coereba flaveola,Aves,Passeriformes,Coerebidae,Coereba,flaveola,,,LC,
Colaptes campestris,Aves,Piciformes,Picidae,Colaptes,campestris,,carpintero de campo,LC,
Colaptes melanochloros,Aves,Piciformes,Picidae,Colaptes,melanochloros,,carpintero nuca roja,LC,
Colaptes melanolaimus,Aves,Piciformes,Picidae,Colaptes,melanolaimus,,carpintero real común,LC,
Columbina picui,Aves,Columbiformes,Columbidae,Columbina,picui,,torcacita común,LC,
Columbina talpacoti,Aves,Columbiformes,Columbidae,Columbina,talpacoti,,torcacita colorada,LC,
Conopophaga lineata,Aves,Passeriformes,Conopophagidae,Conopophaga,lineata,,chupadientes,LC,
Coragyps atratus,Aves,Accipitriformes,Cathartidae,Coragyps,atratus,,cuervo cabeza negra,LC,
Coryphistera alaudina,Aves,Passeriformes,Furnariidae,Coryphistera,alaudina,,crestudo,LC,
Coryphospingus cucullatus,Aves,Passeriformes,Thraupidae,Coryphospingus,cucullatus,,brasita de fuego,LC,
Coscoroba coscoroba,Aves,Anseriformes,Anatidae,Coscoroba,coscoroba,,coscoroba,LC,
Coturnicops notatus,Aves,Gruiformes,Rallidae,Coturnicops,notatus,,burrito enano,LC,
Cranioleuca obsoleta,Aves,Passeriformes,Furnariidae,Cranioleuca,obsoleta,,curutié oliváceo,LC,
Cranioleuca pyrrhophia,Aves,Passeriformes,Furnariidae,Cranioleuca,pyrrhophia,,trepadorcito,LC,
Cranioleuca sulphurifera,Aves,Passeriformes,Furnariidae,Cranioleuca,sulphurifera,,curutié ocráceo,LC,
Crotophaga ani,Aves,Cuculiformes,Cuculidae,Crotophaga,ani,,pirincho negro chico,LC,
Crotophaga major,Aves,Cuculiformes,Cuculidae,Crotophaga,major,,pirincho negro grande,LC,
Crypturellus obsoletus,Aves,Tinamiformes,Tinamidae,Crypturellus,obsoletus,,perdiz de monte,LC,
Cyanocompsa brissonii,Aves,Passeriformes,Cardinalidae,Cyanocompsa,brissonii,,reina mora,LC,
Cyanocorax caeruleus,Aves,Passeriformes,Corvidae,Cyanocorax,caeruleus,,urraca azul,NT,
Cyanocorax chrysops,Aves,Passeriformes,Corvidae,Cyanocorax,chrysops,,urraca común,LC,
Cyanocorax cyanomelas,Aves,Passeriformes,Corvidae,Cyanocorax,cyanomelas,,urraca morada,LC,
Cyanoliseus patagonus,Aves,Psittaciformes,Psittacidae,Cyanoliseus,patagonus,,loro barranquero,LC,
Cyanoloxia glaucocaerulea,Aves,Passeriformes,Cardinalidae,Cyanoloxia,glaucocaerulea,,azulito,LC,
Cyclarhis gujanensis,Aves,Passeriformes,Vireonidae,Cyclarhis,gujanensis,,juan chiviro,LC,
Cygnus melancoryphus,Aves,Anseriformes,Anatidae,Cygnus,melancoryphus,,cisne cuello negro,LC,
Daption capense,Aves,Procellariiformes,Procellariidae,Daption,capense,,petrel damero,LC,
Dendrocolaptes platyrostris,Aves,Passeriformes,Furnariidae,Dendrocolaptes,platyrostris,,trepador oscuro,LC,
Dendrocygna autumnalis,Aves,Anseriformes,Anatidae,Dendrocygna,autumnalis,,,LC,
Dendrocygna bicolor,Aves,Anseriformes,Anatidae,Dendrocygna,bicolor,,pato canela,LC,
Dendrocygna viduata,Aves,Anseriformes,Anatidae,Dendrocygna,viduata,,pato cara blanca,LC,
Diomedea epomophora,Aves,Procellariiformes,Diomedeidae,Diomedea,epomophora,,albatros real,VU,
Diuca diuca,Aves,Passeriformes,Thraupidae,Diuca,diuca,,diuca,LC,
Dolichonyx oryzivorus,Aves,Passeriformes,Icteridae,Dolichonyx,oryzivorus,,,LC,
Donacospiza albifrons,Aves,Passeriformes,Thraupidae,Donacospiza,albifrons,,monterita cabeza gris,LC,
Drymornis bridgesii,Aves,Passeriformes,Furnariidae,Drymornis,bridgesii,,trepador grande,LC,
Egretta caerulea,Aves,Pelecaniformes,Ardeidae,Egretta,caerulea,,garza azul,LC,
Egretta thula,Aves,Pelecaniformes,Ardeidae,Egretta,thula,,garza blanca chica,LC,
Elaenia albiceps,Aves,Passeriformes,Tyrannidae,Elaenia,albiceps,,fiofío silbón,LC,
Elaenia flavogaster,Aves,Passeriformes,Tyrannidae,Elaenia,flavogaster,,,LC,
Elaenia mesoleuca,Aves,Passeriformes,Tyrannidae,Elaenia,mesoleuca,,fiofío oliváceo,LC,
Elaenia obscura,Aves,Passeriformes,Tyrannidae,Elaenia,obscura,,fiofío oscuro,LC,
Elaenia parvirostris,Aves,Passeriformes,Tyrannidae,Elaenia,parvirostris,,fiofío pico corto,LC,
Elaenia spectabilis,Aves,Passeriformes,Tyrannidae,Elaenia,spectabilis,,fiofío grande,LC,
Elanoides forficatus,Aves,Accipitriformes,Accipitridae,Elanoides,forficatus,,halcón tijereta,LC,
Elanus leucurus,Aves,Accipitriformes,Accipitridae,Elanus,leucurus,,halcón blanco,LC,
Emberizoides herbicola,Aves,Passeriformes,Thraupidae,Emberizoides,herbicola,,coludo grande,LC,
Emberizoides ypiranganus,Aves,Passeriformes,Thraupidae,Emberizoides,ypiranganus,,coludo chico,LC,
Embernagra platensis,Aves,Passeriformes,Thraupidae,Embernagra,platensis,,verdón,LC,
Empidonomus varius,Aves,Passeriformes,Tyrannidae,Empidonomus,varius,,tuquito rayado,LC,
Eudyptes chrysocome,Aves,Sphenisciformes,Spheniscidae,Eudyptes,chrysocome,,pingüino penacho amarillo,VU,
Euphonia chlorotica,Aves,Passeriformes,Fringillidae,Euphonia,chlorotica,,tangará garganta violácea,LC,
Euphonia cyanocephala,Aves,Passeriformes,Fringillidae,Euphonia,cyanocephala,,tangará corona celeste,LC,
Euscarthmus meloryphus,Aves,Passeriformes,Tyrannidae,Euscarthmus,meloryphus,,barullero,LC,
Falco femoralis,Aves,Falconiformes,Falconidae,Falco,femoralis,,halcón plomizo,LC,
Falco peregrinus,Aves,Falconiformes,Falconidae,Falco,peregrinus,,halcón peregrino,LC,
Falco sparverius,Aves,Falconiformes,Falconidae,Falco,sparverius,,halcóncito común,LC,
Florisuga fusca,Aves,Apodiformes,Trochilidae,Florisuga,fusca,,picaflor negro,LC,
Fluvicola albiventer,Aves,Passeriformes,Tyrannidae,Fluvicola,albiventer,,lavandera blanca,LC,
Fregata magnificens,Aves,Suliformes,Fregatidae,Fregata,magnificens,,fragata,LC,
Fulica armillata,Aves,Gruiformes,Rallidae,Fulica,armillata,,gallareta grande,LC,
Fulica leucoptera,Aves,Gruiformes,Rallidae,Fulica,leucoptera,,gallareta ala blanca,LC,
Fulica rufifrons,Aves,Gruiformes,Rallidae,Fulica,rufifrons,,gallareta escudete rojo,LC,
Fulmarus glacialoides,Aves,Procellariiformes,Procellariidae,Fulmarus,glacialoides,,petrel plateado,LC,
Furnarius rufus,Aves,Passeriformes,Furnariidae,Furnarius,rufus,,hornero,LC,
Gallinago paraguaiae,Aves,Charadriiformes,Scolopacidae,Gallinago,paraguaiae,,becasina,LC,
Gallinula galeata,Aves,Gruiformes,Rallidae,Gallinula,galeata,,polla de agua,LC,
Gelochelidon nilotica,Aves,Charadriiformes,Laridae,Gelochelidon,nilotica,,gaviotín pico grueso,LC,
Geositta cunicularia,Aves,Passeriformes,Furnariidae,Geositta,cunicularia,,caminera,LC,
Geothlypis aequinoctialis,Aves,Passeriformes,Parulidae,Geothlypis,aequinoctialis,,arañero cara negra,LC,
Geothlypis velata,Aves,Passeriformes,Parulidae,Geothlypis,velata,,,NE,
Geranoaetus albicaudatus,Aves,Accipitriformes,Accipitridae,Geranoaetus,albicaudatus,,águila cola blanca,LC,
Geranoaetus melanoleucus,Aves,Accipitriformes,Accipitridae,Geranoaetus,melanoleucus,,águila mora,LC,
Geranoaetus polyosoma,Aves,Accipitriformes,Accipitridae,Geranoaetus,polyosoma,,aguilucho lomo rojo,LC,
Geranospiza caerulescens,Aves,Accipitriformes,Accipitridae,Geranospiza,caerulescens,,gavilán patas largas,LC,
Glaucidium brasilianum,Aves,Strigiformes,Strigidae,Glaucidium,brasilianum,,caburé,LC,
Gnorimopsar chopi,Aves,Passeriformes,Icteridae,Gnorimopsar,chopi,,mirlo charrúa,LC,
Griseotyrannus aurantioatrocristatus,Aves,Passeriformes,Tyrannidae,Griseotyrannus,aurantioatrocristatus,,tuquito gris,LC,
Gubernatrix cristata,Aves,Passeriformes,Emberizidae,Gubernatrix,cristata,,cardenal amarillo,EN,EN
Gubernetes yetapa,Aves,Passeriformes,Tyrannidae,Gubernetes,yetapa,,yetapá grande,LC,
Guira guira,Aves,Cuculiformes,Cuculidae,Guira,guira,,pirincho,LC,
Haematopus ater,Aves,Charadriiformes,Haematopodidae,Haematopus,ater,,ostrero negro,LC,
Haematopus palliatus,Aves,Charadriiformes,Haematopodidae,Haematopus,palliatus,,ostrero común,LC,
Heliobletus contaminatus,Aves,Passeriformes,Furnariidae,Heliobletus,contaminatus,,,LC,
Heliomaster furcifer,Aves,Apodiformes,Trochilidae,Heliomaster,furcifer,,picaflor de barbijo,LC,
Hemithraupis ruficapilla,Aves,Passeriformes,Thraupidae,Hemithraupis,ruficapilla,,,LC,
Hemitriccus margaritaceiventer,Aves,Passeriformes,Tyrannidae,Hemitriccus,margaritaceiventer,,mosqueta ojo dorado,LC,
Heteronetta atricapilla,Aves,Anseriformes,Anatidae,Heteronetta,atricapilla,,pato cabeza negra,LC,
Heteroxolmis dominicana,Aves,Passeriformes,Tyrannidae,Heteroxolmis,dominicana,,viudita blanca grande,VU,
Himantopus mexicanus,Aves,Charadriiformes,Recurvirostridae,Himantopus,mexicanus,,tero real,LC,
Hirundinea ferruginea,Aves,Passeriformes,Tyrannidae,Hirundinea,ferruginea,,viudita colorada,LC,
Hirundo rustica,Aves,Passeriformes,Hirundinidae,Hirundo,rustica,,golondrina tijereta,LC,
Hydropsalis torquata,Aves,Caprimulgiformes,Caprimulgidae,Hydropsalis,torquata,,dormilón tijereta,LC,
Hylocharis chrysura,Aves,Apodiformes,Trochilidae,Hylocharis,chrysura,,picaflor bronceado,LC,
Hymenops perspicillatus,Aves,Passeriformes,Tyrannidae,Hymenops,perspicillatus,,pico de plata,LC,
Icterus pyrrhopterus,Aves,Passeriformes,Icteridae,Icterus,pyrrhopterus,,boyerín,LC,
Ixobrychus involucris,Aves,Pelecaniformes,Ardeidae,Ixobrychus,involucris,,mirasol chico,LC,
Jacana jacana,Aves,Charadriiformes,Jacanidae,Jacana,jacana,,jacana,LC,
Knipolegus cyanirostris,Aves,Passeriformes,Tyrannidae,Knipolegus,cyanirostris,,viudita negra común,LC,
Knipolegus lophotes,Aves,Passeriformes,Tyrannidae,Knipolegus,lophotes,,viudita negra copetona,LC,
Larus atlanticus,Aves,Charadriiformes,Laridae,Larus,atlanticus,,gaviota cangrejera,NT,EN
Larus dominicanus,Aves,Charadriiformes,Laridae,Larus,dominicanus,,gaviota cocinera,LC,
Laterallus leucopyrrhus,Aves,Gruiformes,Rallidae,Laterallus,leucopyrrhus,,burrito patas rojas,LC,
Laterallus melanophaius,Aves,Gruiformes,Rallidae,Laterallus,melanophaius,,burrito patas verdes,LC,
Lathrotriccus euleri,Aves,Passeriformes,Tyrannidae,Lathrotriccus,euleri,,mosqueta de monte,LC,
Lepidocolaptes angustirostris,Aves,Passeriformes,Furnariidae,Lepidocolaptes,angustirostris,,trepador chico,LC,
Lepidocolaptes falcinellus,Aves,Passeriformes,Furnariidae,Lepidocolaptes,falcinellus,,trepador escamado,LC,
Leptasthenura platensis,Aves,Passeriformes,Furnariidae,Leptasthenura,platensis,,coludito copetón,LC,
Leptotila rufaxilla,Aves,Columbiformes,Columbidae,Leptotila,rufaxilla,,paloma montaraz oscura,LC,
Leptotila verreauxi,Aves,Columbiformes,Columbidae,Leptotila,verreauxi,,paloma montaraz común,LC,
Lessonia rufa,Aves,Passeriformes,Tyrannidae,Lessonia,rufa,,sobrepuesto,LC,
Leucocarbo atriceps,Aves,Suliformes,Phalacrocoracidae,Leucocarbo,atriceps,,,LC,
Leucochloris albicollis,Aves,Apodiformes,Trochilidae,Leucochloris,albicollis,,picaflor garganta blanca,LC,
Leucophaeus pipixcan,Aves,Charadriiformes,Laridae,Leucophaeus,pipixcan,,,LC,
Limnoctites rectirostris,Aves,Passeriformes,Furnariidae,Limnoctites,rectirostris,,pajonalera pico recto,NT,
Limnornis curvirostris,Aves,Passeriformes,Furnariidae,Limnornis,curvirostris,,pajonalera pico curvo,LC,
Limosa haemastica,Aves,Charadriiformes,Scolopacidae,Limosa,haemastica,,becasa de mar,LC,
Lochmias nematura,Aves,Passeriformes,Furnariidae,Lochmias,nematura,,macuquiño,LC,
Machetornis rixosa,Aves,Passeriformes,Tyrannidae,Machetornis,rixosa,,margarita,LC,
Mackenziaena leachii,Aves,Passeriformes,Thamnophilidae,Mackenziaena,leachii,,,LC,
Macronectes giganteus,Aves,Procellariiformes,Procellariidae,Macronectes,giganteus,,petrel gigante común,LC,
Macronectes halli,Aves,Procellariiformes,Procellariidae,Macronectes,halli,,petrel gigante oscuro,LC,
Mareca sibilatrix,Aves,Anseriformes,Anatidae,Mareca,sibilatrix,,pato overo,LC,
Megaceryle torquata,Aves,Coraciiformes,Alcedinidae,Megaceryle,torquata,,martín pescador grande,LC,
Megarynchus pitangua,Aves,Passeriformes,Tyrannidae,Megarynchus,pitangua,,pitanguá,LC,
Megascops choliba,Aves,Strigiformes,Strigidae,Megascops,choliba,,tamborcito común,LC,
Megascops sanctaecatarinae,Aves,Strigiformes,Strigidae,Megascops,sanctaecatarinae,,tamborcito grande,LC,
Melanerpes cactorum,Aves,Piciformes,Picidae,Melanerpes,cactorum,,carpintero del cardón,LC,
Melanerpes candidus,Aves,Piciformes,Picidae,Melanerpes,candidus,,carpintero blanco,LC,
Milvago chimachima,Aves,Falconiformes,Falconidae,Milvago,chimachima,,chimachima,LC,
Milvago chimango,Aves,Falconiformes,Falconidae,Milvago,chimango,,chimango,LC,
Mimus saturninus,Aves,Passeriformes,Mimidae,Mimus,saturninus,,calandria,LC,
Mimus triurus,Aves,Passeriformes,Mimidae,Mimus,triurus,,calandria tres colas,LC,
Molothrus bonariensis,Aves,Passeriformes,Icteridae,Molothrus,bonariensis,,tordo común,LC,
Molothrus rufoaxillaris,Aves,Passeriformes,Icteridae,Molothrus,rufoaxillaris,,tordo pico corto,LC,
Morus capensis,Aves,Suliformes,Sulidae,Morus,capensis,,,EN,
Muscisaxicola maclovianus,Aves,Passeriformes,Tyrannidae,Muscisaxicola,maclovianus,,dormilona cara negra,LC,
Mycteria americana,Aves,Ciconiiformes,Ciconiidae,Mycteria,americana,,cigüeña cabeza pelada,LC,
Myiarchus ferox,Aves,Passeriformes,Tyrannidae,Myiarchus,ferox,,,LC,
Myiarchus swainsoni,Aves,Passeriformes,Tyrannidae,Myiarchus,swainsoni,,burlisto común,LC,
Myiarchus tyrannulus,Aves,Passeriformes,Tyrannidae,Myiarchus,tyrannulus,,burlisto cola castaña,LC,
Myiodynastes maculatus,Aves,Passeriformes,Tyrannidae,Myiodynastes,maculatus,,benteveo rayado,LC,
Myiopagis viridicata,Aves,Passeriformes,Tyrannidae,Myiopagis,viridicata,,papamoscas verdoso,LC,
Myiophobus fasciatus,Aves,Passeriformes,Tyrannidae,Myiophobus,fasciatus,,mosqueta corona amarilla,LC,
Myiopsitta monachus,Aves,Psittaciformes,Psittacidae,Myiopsitta,monachus,,cotorra,LC,
Myiothlypis leucoblephara,Aves,Passeriformes,Parulidae,Myiothlypis,leucoblephara,,arañero oliváceo,LC,
Neoxolmis rufiventris,Aves,Passeriformes,Tyrannidae,Neoxolmis,rufiventris,,viudita chocolate,LC,
Netta peposaca,Aves,Anseriformes,Anatidae,Netta,peposaca,,pato picazo,LC,
Nomonyx dominicus,Aves,Anseriformes,Anatidae,Nomonyx,dominicus,,,LC,
Nothura maculosa,Aves,Tinamiformes,Tinamidae,Nothura,maculosa,,perdiz,LC,
Notiochelidon cyanoleuca,Aves,Passeriformes,Hirundinidae,Notiochelidon,cyanoleuca,,golondrina azul chica,LC,
Numenius phaeopus,Aves,Charadriiformes,Scolopacidae,Numenius,phaeopus,,playero trinador,LC,
Nyctibius griseus,Aves,Nyctibiiformes,Nyctibiidae,Nyctibius,griseus,,urutaú,LC,
Nycticorax nycticorax,Aves,Pelecaniformes,Ardeidae,Nycticorax,nycticorax,,garza bruja,LC,
Nycticryphes semicollaris,Aves,Charadriiformes,Rostratulidae,Nycticryphes,semicollaris,,aguatero,LC,
Nyctidromus albicollis,Aves,Caprimulgiformes,Caprimulgidae,Nyctidromus,albicollis,,curiango,LC,
Oceanites oceanicus,Aves,Procellariiformes,Hydrobatidae,Oceanites,oceanicus,,paíño pardo,LC,
Oreopholus ruficollis,Aves,Charadriiformes,Charadriidae,Oreopholus,ruficollis,,chorlo cabezón,LC,EN
Oxyura vittata,Aves,Anseriformes,Anatidae,Oxyura,vittata,,pato zambullidor,LC,
Pachyptila belcheri,Aves,Procellariiformes,Procellariidae,Pachyptila,belcheri,,prión pico fino,LC,
Pachyptila desolata,Aves,Procellariiformes,Procellariidae,Pachyptila,desolata,,prión pico ancho,LC,
Pachyramphus polychopterus,Aves,Passeriformes,Cotingidae,Pachyramphus,polychopterus,,anambé negro,LC,
Pachyramphus validus,Aves,Passeriformes,Cotingidae,Pachyramphus,validus,,anambé,LC,
Pachyramphus viridis,Aves,Passeriformes,Cotingidae,Pachyramphus,viridis,,abambé verdoso,LC,
Pandion haliaetus,Aves,Accipitriformes,Pandionidae,Pandion,haliaetus,,águila pescadora,LC,
Parabuteo unicinctus,Aves,Accipitriformes,Accipitridae,Parabuteo,unicinctus,,gavilán mixto,LC,
Pardirallus maculatus,Aves,Gruiformes,Rallidae,Pardirallus,maculatus,,gallineta overa,LC,
Pardirallus sanguinolentus,Aves,Gruiformes,Rallidae,Pardirallus,sanguinolentus,,gallineta común,LC,
Paroaria capitata,Aves,Passeriformes,Thraupidae,Paroaria,capitata,,cardenilla,LC,
Paroaria coronata,Aves,Passeriformes,Thraupidae,Paroaria,coronata,,cardenal copete rojo,LC,
Passer domesticus,Aves,Passeriformes,Passeridae,Passer,domesticus,,gorrión,LC,
Patagioenas cayennensis,Aves,Columbiformes,Columbidae,Patagioenas,cayennensis,,paloma colorada,LC,
Patagioenas maculosa,Aves,Columbiformes,Columbidae,Patagioenas,maculosa,,paloma ala manchada,LC,
Patagioenas picazuro,Aves,Columbiformes,Columbidae,Patagioenas,picazuro,,paloma de monte,LC,
Penelope obscura,Aves,Galliformes,Cracidae,Penelope,obscura,,pava de monte,LC,
Petrochelidon pyrrhonota,Aves,Passeriformes,Hirundinidae,Petrochelidon,pyrrhonota,,golondrina rabadilla canela,LC,
Phacellodomus ferrugineigula,Aves,Passeriformes,Furnariidae,Phacellodomus,ferrugineigula,,tiotío ojo rojo,LC,
Phacellodomus ruber,Aves,Passeriformes,Furnariidae,Phacellodomus,ruber,,tiotío grande,LC,
Phacellodomus sibilatrix,Aves,Passeriformes,Furnariidae,Phacellodomus,sibilatrix,,tiotío chico,LC,
Phacellodomus striaticollis,Aves,Passeriformes,Furnariidae,Phacellodomus,striaticollis,,tiotío común,LC,
Phaetusa simplex,Aves,Charadriiformes,Laridae,Phaetusa,simplex,,atí,LC,
Phalacrocorax brasilianus,Aves,Suliformes,Phalacrocoracidae,Phalacrocorax,brasilianus,,biguá,LC,
Phalaropus tricolor,Aves,Charadriiformes,Scolopacidae,Phalaropus,tricolor,,falaropo común,LC,
Phimosus infuscatus,Aves,Pelecaniformes,Threskiornithidae,Phimosus,infuscatus,,cuervillo cara pelada,LC,
Phleocryptes melanops,Aves,Passeriformes,Furnariidae,Phleocryptes,melanops,,junquero,LC,
Phoenicopterus chilensis,Aves,Phoenicopteriformes,Phoenicopteridae,Phoenicopterus,chilensis,,flamenco austral,NT,
Phrygilus fruticeti,Aves,Passeriformes,Thraupidae,Phrygilus,fruticeti,,yal negro,LC,
Phylloscartes ventralis,Aves,Passeriformes,Tyrannidae,Phylloscartes,ventralis,,ligerito,LC,
Phytotoma rutila,Aves,Passeriformes,Cotingidae,Phytotoma,rutila,,cortarramas,LC,
Piaya cayana,Aves,Cuculiformes,Cuculidae,Piaya,cayana,,pirincho de monte,LC,
Piculus aurulentus,Aves,Piciformes,Picidae,Piculus,aurulentus,,carpintero dorado,NT,
Picumnus cirratus,Aves,Piciformes,Picidae,Picumnus,cirratus,,carpintero barrado,LC,
Picumnus nebulosus,Aves,Piciformes,Picidae,Picumnus,nebulosus,,carpintero enano,NT,
Pipraeidea melanonota,Aves,Passeriformes,Thraupidae,Pipraeidea,melanonota,,viuva,LC,
Piranga flava,Aves,Passeriformes,Cardinalidae,Piranga,flava,,fueguero,LC,
Pitangus sulphuratus,Aves,Passeriformes,Tyrannidae,Pitangus,sulphuratus,,benteveo,LC,
Platalea ajaja,Aves,Pelecaniformes,Threskiornithidae,Platalea,ajaja,,espátula rosada,LC,
Plegadis chihi,Aves,Pelecaniformes,Threskiornithidae,Plegadis,chihi,,cuervillo de cañada,LC,
Pluvialis dominica,Aves,Charadriiformes,Charadriidae,Pluvialis,dominica,,chorlo dorado,LC,
Pluvialis squatarola,Aves,Charadriiformes,Charadriidae,Pluvialis,squatarola,,chorlo ártico,LC,
Podiceps major,Aves,Podicipediformes,Podicipedidae,Podiceps,major,,macá grande,LC,
Podilymbus podiceps,Aves,Podicipediformes,Podicipedidae,Podilymbus,podiceps,,macá pico grueso,LC,
Poecilotriccus plumbeiceps,Aves,Passeriformes,Tyrannidae,Poecilotriccus,plumbeiceps,,mosqueta cara canela,LC,
Polioptila dumicola,Aves,Passeriformes,Polioptilidae,Polioptila,dumicola,,piojito azulado,LC,
Polystictus pectoralis,Aves,Passeriformes,Tyrannidae,Polystictus,pectoralis,,tachurí canela,NT,
Poospiza cabanisi,Aves,Passeriformes,Thraupidae,Poospiza,cabanisi,,monterita rabadilla roja,LC,
Poospiza cinerea,Aves,Passeriformes,Thraupidae,Poospiza,cinerea,,,LC,
Poospiza lateralis,Aves,Passeriformes,Thraupidae,Poospiza,lateralis,,monterita rabadilla roja,LC,
Poospiza melanoleuca,Aves,Passeriformes,Thraupidae,Poospiza,melanoleuca,,monterita cabeza negra,LC,
Poospiza nigrorufa,Aves,Passeriformes,Thraupidae,Poospiza,nigrorufa,,sietevestidos,LC,
Poospiza ornata,Aves,Passeriformes,Thraupidae,Poospiza,ornata,,monterita canela,LC,
Porphyrio martinica,Aves,Gruiformes,Rallidae,Porphyrio,martinica,,polla azul,LC,
Porphyriops melanops,Aves,Gruiformes,Rallidae,Porphyriops,melanops,,polla pintada,LC,
Porzana spiloptera,Aves,Gruiformes,Rallidae,Porzana,spiloptera,,burrito plomizo,VU,
Procellaria aequinoctialis,Aves,Procellariiformes,Procellariidae,Procellaria,aequinoctialis,,petrel barba blanca,VU,
Progne chalybea,Aves,Passeriformes,Hirundinidae,Progne,chalybea,,golondrina azul grande,LC,
Progne elegans,Aves,Passeriformes,Hirundinidae,Progne,elegans,,golondrina negra,LC,
Progne tapera,Aves,Passeriformes,Hirundinidae,Progne,tapera,,golondrina parda grande,LC,
Pseudocolopteryx flaviventris,Aves,Passeriformes,Tyrannidae,Pseudocolopteryx,flaviventris,,piojito amarillo,LC,
Pseudoleistes guirahuro,Aves,Passeriformes,Icteridae,Pseudoleistes,guirahuro,,canario de la sierra,LC,
Pseudoleistes virescens,Aves,Passeriformes,Icteridae,Pseudoleistes,virescens,,pecho amarillo,LC,
Pseudoscops clamator,Aves,Strigiformes,Strigidae,Pseudoscops,clamator,,lechuzón orejudo,LC,
Pseudoseisura lophotes,Aves,Passeriformes,Furnariidae,Pseudoseisura,lophotes,,hornerón,LC,
Psittacara leucophthalmus,Aves,Psittaciformes,Psittacidae,Psittacara,leucophthalmus,,loro maracaná,LC,
Pterodroma incerta,Aves,Procellariiformes,Procellariidae,Pterodroma,incerta,,petrel cabez parda,EN,EN
Pterodroma mollis,Aves,Procellariiformes,Procellariidae,Pterodroma,mollis,,petrel collar gris,LC,
Puffinus puffinus,Aves,Procellariiformes,Procellariidae,Puffinus,puffinus,,pardela boreal,LC,
Pyrocephalus rubinus,Aves,Passeriformes,Tyrannidae,Pyrocephalus,rubinus,,churrinche,LC,
Pyrrhura frontalis,Aves,Psittaciformes,Psittacidae,Pyrrhura,frontalis,,chiripepe,LC,
Ramphastos toco,Aves,Piciformes,Ramphastidae,Ramphastos,toco,,tucán grande,LC,
Rhea americana,Aves,Rheiformes,Rheidae,Rhea,americana,,ñandú,NT,
Rhynchotus rufescens,Aves,Tinamiformes,Tinamidae,Rhynchotus,rufescens,,martineta,LC,
Riparia riparia,Aves,Passeriformes,Hirundinidae,Riparia,riparia,,golondrina parda chica,LC,
Rollandia rolland,Aves,Podicipediformes,Podicipedidae,Rollandia,rolland,,macá común,LC,
Rostrhamus sociabilis,Aves,Accipitriformes,Accipitridae,Rostrhamus,sociabilis,,caracolero,LC,
Rupornis magnirostris,Aves,Accipitriformes,Accipitridae,Rupornis,magnirostris,,gavilán común,LC,
Rynchops niger,Aves,Charadriiformes,Laridae,Rynchops,niger,,,LC,
Saltator aurantiirostris,Aves,Passeriformes,Cardinalidae,Saltator,aurantiirostris,,rey del bosque común,LC,
Saltator coerulescens,Aves,Passeriformes,Cardinalidae,Saltator,coerulescens,,rey del bosque gris,LC,
Saltator similis,Aves,Passeriformes,Cardinalidae,Saltator,similis,,rey del bosque verdoso,LC,
Saltatricula multicolor,Aves,Passeriformes,Thraupidae,Saltatricula,multicolor,,pepitero chico,LC,
Satrapa icterophrys,Aves,Passeriformes,Tyrannidae,Satrapa,icterophrys,,vinchero,LC,
Schoeniophylax phryganophilus,Aves,Passeriformes,Furnariidae,Schoeniophylax,phryganophilus,,chotoy,LC,
Serpophaga griseicapilla,Aves,Passeriformes,Tyrannidae,Serpophaga,griseicapilla,,tiquitiqui trinador,LC,
Serpophaga munda,Aves,Passeriformes,Tyrannidae,Serpophaga,munda,,tiquitiqui vientre blanco,LC,
Serpophaga nigricans,Aves,Passeriformes,Tyrannidae,Serpophaga,nigricans,,tiquitiqui oscuro,LC,
Serpophaga subcristata,Aves,Passeriformes,Tyrannidae,Serpophaga,subcristata,,tiquitiqui común,LC,
Setopagis parvula,Aves,Caprimulgiformes,Caprimulgidae,Setopagis,parvula,,dormilón chico,LC,
Setophaga pitiayumi,Aves,Passeriformes,Parulidae,Setophaga,pitiayumi,,pitiayumí,LC,
Sicalis flaveola,Aves,Passeriformes,Thraupidae,Sicalis,flaveola,,dorado,LC,
Sicalis luteola,Aves,Passeriformes,Thraupidae,Sicalis,luteola,,misto,LC,
Sittasomus griseicapillus,Aves,Passeriformes,Furnariidae,Sittasomus,griseicapillus,,taferero,LC,
Spartonoica maluroides,Aves,Passeriformes,Furnariidae,Spartonoica,maluroides,,espartillero enano,NT,
Spatula platalea,Aves,Anseriformes,Anatidae,Spatula,platalea,,pato cuchara,LC,
Spatula versicolor,Aves,Anseriformes,Anatidae,Spatula,versicolor,,pato capuchino,LC,
Spheniscus magellanicus,Aves,Sphenisciformes,Spheniscidae,Spheniscus,magellanicus,,pingüino de magallanes,NT,
Spinus magellanicus,Aves,Passeriformes,Fringillidae,Spinus,magellanicus,,cabecita negra,LC,
Sporophila caerulescens,Aves,Passeriformes,Thraupidae,Sporophila,caerulescens,,gargantillo,LC,
Sporophila cinnamomea,Aves,Passeriformes,Thraupidae,Sporophila,cinnamomea,,capuchino corona gris,VU,
Sporophila collaris,Aves,Passeriformes,Thraupidae,Sporophila,collaris,,dominó,LC,
Sporophila hypochroma,Aves,Passeriformes,Thraupidae,Sporophila,hypochroma,,capuchino castaño,NT,
Sporophila hypoxantha,Aves,Passeriformes,Thraupidae,Sporophila,hypoxantha,,capuchino canela,LC,
Sporophila palustris,Aves,Passeriformes,Thraupidae,Sporophila,palustris,,capuchino pecho blanco,EN,
Sporophila ruficollis,Aves,Passeriformes,Thraupidae,Sporophila,ruficollis,,capuchino garganta café,NT,
Stelgidopteryx ruficollis,Aves,Passeriformes,Hirundinidae,Stelgidopteryx,ruficollis,,golondrina cuello canela,LC,
Stephanophorus diadematus,Aves,Passeriformes,Thraupidae,Stephanophorus,diadematus,,cardenal azul,LC,
Stercorarius antarcticus,Aves,Charadriiformes,Stercorariidae,Stercorarius,antarcticus,,escúa antártica,NE,
Stercorarius chilensis,Aves,Charadriiformes,Stercorariidae,Stercorarius,chilensis,,escúa chilena,LC,
Stercorarius maccormicki,Aves,Charadriiformes,Stercorariidae,Stercorarius,maccormicki,,,LC,
Stercorarius parasiticus,Aves,Charadriiformes,Stercorariidae,Stercorarius,parasiticus,,salteador chico,LC,
Stercorarius pomarinus,Aves,Charadriiformes,Stercorariidae,Stercorarius,pomarinus,,salteador grande,LC,
Sterna hirundinacea,Aves,Charadriiformes,Laridae,Sterna,hirundinacea,,gaviotín cola larga,LC,
Sterna hirundo,Aves,Charadriiformes,Laridae,Sterna,hirundo,,gaviotín golondrina,LC,
Sterna trudeaui,Aves,Charadriiformes,Laridae,Sterna,trudeaui,,gaviotín de antifaz,LC,
Sterna vittata,Aves,Charadriiformes,Laridae,Sterna,vittata,,gaviotín antártico,LC,
Sternula antillarum,Aves,Charadriiformes,Laridae,Sternula,antillarum,,,LC,
Sternula superciliaris,Aves,Charadriiformes,Laridae,Sternula,superciliaris,,gaviotín chico,LC,
Streptoprocne zonaris,Aves,Apodiformes,Apodidae,Streptoprocne,zonaris,,vencejo de collar,LC,
Sturnella defilippii,Aves,Passeriformes,Icteridae,Sturnella,defilippii,,loica pampeana,VU,EN
Sturnella superciliaris,Aves,Passeriformes,Icteridae,Sturnella,superciliaris,,pecho colorado,LC,
Sublegatus modestus,Aves,Passeriformes,Tyrannidae,Sublegatus,modestus,,suirirí copetón,LC,
Suiriri suiriri,Aves,Passeriformes,Tyrannidae,Suiriri,suiriri,,suirirí común,LC,
Synallaxis albescens,Aves,Passeriformes,Furnariidae,Synallaxis,albescens,,pijuí blancuzco,LC,
Synallaxis cinerascens,Aves,Passeriformes,Furnariidae,Synallaxis,cinerascens,,pijuí oscuro,LC,
Synallaxis frontalis,Aves,Passeriformes,Furnariidae,Synallaxis,frontalis,,pijuí frente gris,LC,
Synallaxis ruficapilla,Aves,Passeriformes,Furnariidae,Synallaxis,ruficapilla,,,LC,
Synallaxis spixi,Aves,Passeriformes,Furnariidae,Synallaxis,spixi,,pijuí común,LC,
Syndactyla rufosuperciliata,Aves,Passeriformes,Furnariidae,Syndactyla,rufosuperciliata,,tirirí,LC,
Syrigma sibilatrix,Aves,Pelecaniformes,Ardeidae,Syrigma,sibilatrix,,garza amarilla,LC,
Systellura longirostris,Aves,Caprimulgiformes,Caprimulgidae,Systellura,longirostris,,dormilón patagónico,LC,
Tachuris rubrigastra,Aves,Passeriformes,Tyrannidae,Tachuris,rubrigastra,,sietecolores de laguna,LC,
Tachybaptus dominicus,Aves,Podicipediformes,Podicipedidae,Tachybaptus,dominicus,,macá gris,LC,
Tachycineta leucopyga,Aves,Passeriformes,Hirundinidae,Tachycineta,leucopyga,,,LC,
Tachycineta leucorrhoa,Aves,Passeriformes,Hirundinidae,Tachycineta,leucorrhoa,,golondrina ceja blanca,LC,
Tachyphonus coronatus,Aves,Passeriformes,Thraupidae,Tachyphonus,coronatus,,frutero coronado,LC,
Tangara preciosa,Aves,Passeriformes,Thraupidae,Tangara,preciosa,,achará,LC,
Tapera naevia,Aves,Cuculiformes,Cuculidae,Tapera,naevia,,crespín,LC,
Thalassarche chlororhynchos,Aves,Procellariiformes,Diomedeidae,Thalassarche,chlororhynchos,,albatros pico fino,EN,EN
Thalassarche melanophris,Aves,Procellariiformes,Diomedeidae,Thalassarche,melanophris,,albatros ceja negra,LC,
Thalasseus maximus,Aves,Charadriiformes,Laridae,Thalasseus,maximus,,gaviotín real,LC,CR
Thalasseus sandvicensis,Aves,Charadriiformes,Laridae,Thalasseus,sandvicensis,,gaviotín pico amarillo,LC,
Thamnophilus caerulescens,Aves,Passeriformes,Thamnophilidae,Thamnophilus,caerulescens,,batará plomizo,LC,
Thamnophilus ruficapillus,Aves,Passeriformes,Thamnophilidae,Thamnophilus,ruficapillus,,batará pardo,LC,
Theristicus caerulescens,Aves,Pelecaniformes,Threskiornithidae,Theristicus,caerulescens,,bandurria mora,LC,
Theristicus caudatus,Aves,Pelecaniformes,Threskiornithidae,Theristicus,caudatus,,bandurria amarilla,LC,
Thinocorus rumicivorus,Aves,Charadriiformes,Thinocoridae,Thinocorus,rumicivorus,,agachona,LC,
Thraupis bonariensis,Aves,Passeriformes,Thraupidae,Thraupis,bonariensis,,naranjero,NE,
Thraupis sayaca,Aves,Passeriformes,Thraupidae,Thraupis,sayaca,,celestón,LC,
Tigrisoma lineatum,Aves,Pelecaniformes,Ardeidae,Tigrisoma,lineatum,,garza colorada,LC,
Tolmomyias sulphurescens,Aves,Passeriformes,Tyrannidae,Tolmomyias,sulphurescens,,,LC,
Tringa flavipes,Aves,Charadriiformes,Scolopacidae,Tringa,flavipes,,playero patas amarillas chico,LC,
Tringa melanoleuca,Aves,Charadriiformes,Scolopacidae,Tringa,melanoleuca,,playero patas amarillas grande,LC,
Tringa semipalmata,Aves,Charadriiformes,Scolopacidae,Tringa,semipalmata,,playero ala blanca,LC,
Tringa solitaria,Aves,Charadriiformes,Scolopacidae,Tringa,solitaria,,playerito solitario,LC,
Troglodytes aedon,Aves,Passeriformes,Troglodytidae,Troglodytes,aedon,,ratonera,LC,
Trogon surrucura,Aves,Trogoniformes,Trogonidae,Trogon,surrucura,,trogon,LC,
Turdus albicollis,Aves,Passeriformes,Turdidae,Turdus,albicollis,,zorzal collar blanco,LC,
Turdus amaurochalinus,Aves,Passeriformes,Turdidae,Turdus,amaurochalinus,,sabiá,LC,
Turdus flavipes,Aves,Passeriformes,Turdidae,Turdus,flavipes,,zorzal azulado,LC,
Turdus leucomelas,Aves,Passeriformes,Turdidae,Turdus,leucomelas,,sabiá misionero,LC,
Turdus nigriceps,Aves,Passeriformes,Turdidae,Turdus,nigriceps,,zorzal cabeza negra,LC,
Turdus rufiventris,Aves,Passeriformes,Turdidae,Turdus,rufiventris,,zorzal común,LC,
Tyrannus melancholicus,Aves,Passeriformes,Tyrannidae,Tyrannus,melancholicus,,benteveo real,LC,
Tyrannus savana,Aves,Passeriformes,Tyrannidae,Tyrannus,savana,,tijereta,LC,
Tyrannus tyrannus,Aves,Passeriformes,Tyrannidae,Tyrannus,tyrannus,,,LC,
Tyto alba,Aves,Strigiformes,Tytonidae,Tyto,alba,,lechuza de campanario,LC,
Vanellus chilensis,Aves,Charadriiformes,Charadriidae,Vanellus,chilensis,,tero,LC,
Veniliornis mixtus,Aves,Piciformes,Picidae,Veniliornis,mixtus,,carpintero bataraz,LC,
Veniliornis spilogaster,Aves,Piciformes,Picidae,Veniliornis,spilogaster,,carpintero manchado,LC,
Vireo olivaceus,Aves,Passeriformes,Vireonidae,Vireo,olivaceus,,chiví,LC,
Volatinia jacarina,Aves,Passeriformes,Thraupidae,Volatinia,jacarina,,volatinero,LC,
Xanthopsar flavus,Aves,Passeriformes,Icteridae,Xanthopsar,flavus,,dragón,VU,
Xenopsaris albinucha,Aves,Passeriformes,Cotingidae,Xenopsaris,albinucha,,tijerilla,LC,
Xolmis cinereus,Aves,Passeriformes,Tyrannidae,Xolmis,cinereus,,escarchero,LC,
Xolmis coronatus,Aves,Passeriformes,Tyrannidae,Xolmis,coronatus,,viudita coronada,LC,
Xolmis irupero,Aves,Passeriformes,Tyrannidae,Xolmis,irupero,,viudita blanca común,LC,
Zenaida auriculata,Aves,Columbiformes,Columbidae,Zenaida,auriculata,,torcaza,LC,
Zonotrichia capensis,Aves,Passeriformes,Emberizidae,Zonotrichia,capensis,,chingolo,LC,
